site_id,site_name,latitude,longitude,carbon_density_gCm2,sequestration_rate_gCm2yr,measurement_depth_cm,survey_year,data_source,access_type,notes,is_carbon_gap,region_NE Pacific,region_Salish Sea,region_West Coast VI,habitat_type_eelgrass_dwarf,sediment_type_mud,sediment_type_mud_sand,sediment_type_organic,sediment_type_sand,sediment_type_unknown,habitat_area_ha,min_distance_to_port_km,anthropogenic_stress_index,predicted_carbon_density_gCm2,carbon_density_gCm2_final
BC-EEL-001,Cowichan Estuary,48.7735,-123.6308,1826.0,38.0,20,2022,Douglas et al. 2022 (Frontiers in Marine Science),academic,Peer-reviewed; SOC 18.26 Mg C ha-1 top 20cm; rate 38 g C m-2 yr-1,False,False,True,False,False,True,False,False,False,False,,42.90510820507507,0.022776393018532824,,1826.0
BC-EEL-002,Clayoquot Sound Eelgrass Meadows,49.15,-125.9,654.0,23.75,25,2018,Postlethwaite et al. 2018 (PLoS ONE),academic,COORD_APPROX: centroid of Clayoquot Sound study area; rate range 0.5-47 g C m-2 yr-1 (midpoint used); SOC 6.54 Mg C ha-1,False,False,False,True,False,False,True,False,False,False,,201.96733012609366,0.004926901286915234,,654.0
BC-EEL-003,NE Pacific Regional Baseline (Salish Sea Proxy),49.0,-123.5,1846.0,,25,2020,Prentice et al. 2020 (Global Biogeochemical Cycles),estimated,Regional synthesis average 18.46 Mg C ha-1 top 25cm; applied as estimated baseline for unsampled BC Salish Sea sites,False,False,True,False,False,False,False,False,False,True,,41.826163316762056,0.02335021217295462,,1846.0
BC-EEL-004,"Padilla Bay, WA",48.5,-122.48,,20.0,25,2018,Prentice et al. 2020 / Padilla Bay studies,academic,"Padilla Bay, WA reference; sequestration rate of approximately 20 g C m⁻² yr⁻¹.",True,True,False,False,False,True,False,False,False,False,,66.08766719053074,0.014905869318126291,2768.88,2768.88
BC-EEL-005,Gulf Islands NP Reserve - James Bay,48.66,-123.42,,,25,2024,Hakai Institute,open,CARBON_GAP: extent mapping only; no sediment carbon cores; COORD_APPROX: James Bay centroid estimate,True,False,True,False,False,False,False,False,False,True,,26.016544217995982,0.03701435653394524,2441.58,2441.58
BC-EEL-006,Gulf Islands NP Reserve - Tumbo Island,48.7794,-123.0581,,,25,2024,Hakai Institute,open,CARBON_GAP: extent mapping only; no sediment carbon cores,True,False,True,False,False,False,False,False,False,True,,45.26107305164789,0.02161644626970836,2301.12,2301.12
BC-EEL-007,Gulf Islands NP Reserve - Cabbage Island,48.7933,-123.0767,,,25,2024,Hakai Institute,open,CARBON_GAP: extent mapping only; no sediment carbon cores,True,False,True,False,False,False,False,False,False,True,,45.94187281265441,0.021302942129961713,2265.76,2265.76
BC-EEL-008,Central Coast BC - Hakai Monitoring Sites,51.65,-127.8,,,25,2015,Hakai Institute,open,CARBON_GAP: time-series extent monitoring 2015-present; no carbon density data; COORD_APPROX: Calvert Island area centroid,True,False,False,False,False,False,False,False,False,True,,341.26893854148227,0.00292167908739052,1345.44,1345.44
BC-EEL-009,Fraser River Delta - Roberts Bank Eelgrass,49.08,-123.15,,,25,1990,NRCan / GSC Bulletin 567,open,CARBON_GAP: historical distribution mapping of Z. marina and Z. japonica; no carbon measurements; YEAR_EST: estimated from publication era,True,False,True,False,False,True,False,False,False,False,,22.639599490425432,0.04230190111321566,2056.64,2056.64
BC-EEL-010,Gulf Islands - Wallace Island,48.9417,-123.5738,,,25,2022,SeaChange Marine Conservation Society,open,CARBON_GAP: presence/Sargassum assessment only; no carbon measurements,True,False,True,False,False,False,False,False,False,True,,50.25286707133529,0.019511103615104494,1889.16,1889.16
BC-EEL-011,Gulf Islands - Galiano Island,48.88,-123.51,,,25,2022,SeaChange Marine Conservation Society,open,CARBON_GAP: presence/Sargassum assessment only; no carbon measurements,True,False,True,False,False,False,False,False,False,True,,51.260757276879495,0.019134816487674712,2007.48,2007.48
BC-EEL-012,Gulf Islands - De Courcy Island,49.06,-123.73,,,25,2022,SeaChange Marine Conservation Society,open,CARBON_GAP: presence/Sargassum assessment only; no carbon measurements,True,False,True,False,False,False,False,False,False,True,,50.7472898500294,0.019324683532183702,1818.84,1818.84
BC-EEL-013,Saanich Inlet - Eelgrass Beds,48.62,-123.48,,,25,2022,Islands Trust / BC Data Catalogue ShoreZone,open,"CARBON_GAP: GIS polygon mapping (shape, plant density); no sediment carbon measurements",True,False,True,False,False,True,False,False,False,False,,22.798341986534428,0.042019734003562924,2582.02,2582.02
BC-EEL-014,Bamfield Inlet,48.835,-125.137,,,25,2021,NRCan Benthic Mapping / BC Data Catalogue,open,CARBON_GAP: GIS polygon only; no carbon density measurement,True,False,False,True,False,True,False,False,False,False,,137.5095560080249,0.007219718471569301,1370.96,1370.96
BC-EEL-015,Salish Sea - SeaChange Transplant Monitoring Network,49.0,-123.5,,,25,2020,SeaChange Marine Conservation Society (Zenodo),open,CARBON_GAP: density and health monitoring at 40 sites; environmental conditions (HOBO loggers); no sediment carbon data; COORD_APPROX: network centroid,True,False,True,False,False,False,False,False,False,True,,41.826163316762056,0.02335021217295462,1907.6,1907.6
BC-EEL-016,Tofino Mudflats,49.153,-125.907,,,25,2020,BC Shore Spawners Alliance / CMN Eelgrass Bed Mapping Atlas,grey_literature,CARBON_GAP: habitat distribution mapping; no sediment cores; grey literature source,True,False,False,True,False,False,True,False,False,False,,202.56526321875197,0.004912429479313455,1245.32,1245.32
BC-EEL-017,Cowichan Bay - Dwarf Eelgrass (Z. japonica),48.77,-123.61,,,25,2019,DFO Coastal Survey / BC Data Catalogue,open,CARBON_GAP: Z. japonica habitat; lower carbon density expected than Z. marina; no direct measurements,True,False,True,False,True,False,False,False,True,False,,41.89015283317222,0.02331537506731795,1995.8,1995.8
BC-EEL-018,BC Coastal Eelgrass - CRIMS Legacy Network,51.5,-127.5,,,25,1990,BC Data Catalogue - CRIMS,open,"CARBON_GAP: legacy distribution data (relative abundance, importance); no carbon data; YEAR_EST: historical dataset, year estimated; COORD_APPROX: representative central coast coordinate",True,False,False,False,False,False,False,False,False,True,,365.9759314755574,0.002724974349078273,1345.44,1345.44
BC-EEL-019,Portage Inlet,48.4615,-123.4192,3940.0,,25,2023,Lin 2024 (SFU Master's Thesis),academic,"Eelgrass meadow carbon stock 39.4 Mg C/ha (3940 g C/m²), statistically similar to adjacent unvegetated mudflats.",False,False,True,False,False,False,False,False,False,True,,5.1791235408916005,0.1618352495110832,,3940.0
US-EEL-001,Skagit County (3 Bays),48.48,-122.49,2710.0,43.88,50,2016,Lutz 2018 (WWU Master's Thesis),academic,"Mean OC stock (to 50cm) 27.10 Mg ha⁻¹ (2710 g C/m²); mean sequestration rate 43.88 g C m⁻² yr⁻¹ from Padilla, Samish, and Skagit Bays.",False,False,True,False,False,False,False,False,False,True,,65.13503727091609,0.015120578157438577,,2710.0
CRD-EEL-001,CRD Eelgrass Site 1,48.43193125471625,-123.4606095032905,3940.0,,25,2024,CRD Harbours Atlas (ArcGIS MapServer Layer 25),open,CRD_ATTRIBUTION: used with permission from Capital Regional District; CARBON_GAP,False,False,True,False,False,False,True,False,False,False,,6.711551348733362,0.1296755937654817,,3940.0
CRD-EEL-002,CRD Eelgrass Site 2,48.43193428297977,-123.46028191717097,3940.0,,25,2024,CRD Harbours Atlas (ArcGIS MapServer Layer 25),open,CRD_ATTRIBUTION: used with permission from Capital Regional District; CARBON_GAP,False,False,True,False,False,False,True,False,False,False,,6.687442708294831,0.13008227026147326,,3940.0
CRD-EEL-003,CRD Eelgrass Site 3,48.43233044705968,-123.45936397712656,3940.0,,25,2024,CRD Harbours Atlas (ArcGIS MapServer Layer 25),open,CRD_ATTRIBUTION: used with permission from Capital Regional District; CARBON_GAP,False,False,True,False,False,False,True,False,False,False,,6.6225694842167115,0.13118935840081214,,3940.0
CRD-EEL-004,CRD Eelgrass Site 4,48.43223614999594,-123.45938531905347,3940.0,,25,2024,CRD Harbours Atlas (ArcGIS MapServer Layer 25),open,CRD_ATTRIBUTION: used with permission from Capital Regional District; CARBON_GAP,False,False,True,False,False,False,True,False,False,False,,6.623463267784886,0.13117397761012173,,3940.0
CRD-EEL-005,CRD Eelgrass Site 5,48.432256720545986,-123.45823777871493,3940.0,,25,2024,CRD Harbours Atlas (ArcGIS MapServer Layer 25),open,CRD_ATTRIBUTION: used with permission from Capital Regional District; CARBON_GAP,False,False,True,False,False,False,True,False,False,False,,6.539122687258417,0.13264142811869367,,3940.0
CRD-EEL-006,CRD Eelgrass Site 6,48.43226195078721,-123.45787882958246,3940.0,,25,2024,CRD Harbours Atlas (ArcGIS MapServer Layer 25),open,CRD_ATTRIBUTION: used with permission from Capital Regional District; CARBON_GAP,False,False,True,False,False,False,False,False,False,False,,6.512734226954997,0.13310733080535345,,3940.0
CRD-EEL-007,CRD Eelgrass Site 7,48.432142029285025,-123.4581445650845,3940.0,,25,2024,CRD Harbours Atlas (ArcGIS MapServer Layer 25),open,CRD_ATTRIBUTION: used with permission from Capital Regional District; CARBON_GAP,False,False,True,False,False,False,True,False,False,False,,6.531442584617205,0.13277668770156684,,3940.0
CRD-EEL-008,CRD Eelgrass Site 8,48.43151969914492,-123.45719591262375,3940.0,,25,2024,CRD Harbours Atlas (ArcGIS MapServer Layer 25),open,CRD_ATTRIBUTION: used with permission from Capital Regional District; CARBON_GAP,False,False,True,False,False,False,False,False,False,False,,6.457546062751782,0.13409236652183776,,3940.0
CRD-EEL-009,CRD Eelgrass Site 9,48.43167847962445,-123.45731878186517,3940.0,,25,2024,CRD Harbours Atlas (ArcGIS MapServer Layer 25),open,CRD_ATTRIBUTION: used with permission from Capital Regional District; CARBON_GAP,False,False,True,False,False,False,False,False,False,False,,6.467559569994735,0.1339125574596126,,3940.0
CRD-EEL-010,CRD Eelgrass Site 10,48.431539901649195,-123.45708587900457,3940.0,,25,2024,CRD Harbours Atlas (ArcGIS MapServer Layer 25),open,CRD_ATTRIBUTION: used with permission from Capital Regional District; CARBON_GAP,False,False,True,False,False,False,False,False,False,False,,6.449559269021402,0.1342361291302758,,3940.0
CRD-EEL-011,CRD Eelgrass Site 11,48.42819921448297,-123.46117749508694,3940.0,,25,2024,CRD Harbours Atlas (ArcGIS MapServer Layer 25),open,CRD_ATTRIBUTION: used with permission from Capital Regional District; CARBON_GAP,False,False,True,False,False,False,True,False,False,False,,6.7422471218128655,0.1291614674998707,,3940.0
CRD-EEL-012,CRD Eelgrass Site 12,48.42791275203704,-123.46146105401684,3940.0,,25,2024,CRD Harbours Atlas (ArcGIS MapServer Layer 25),open,CRD_ATTRIBUTION: used with permission from Capital Regional District; CARBON_GAP,False,False,True,False,False,False,False,False,False,False,,6.763368379631716,0.12881006685495436,,3940.0
CRD-EEL-013,CRD Eelgrass Site 13,48.430419403770074,-123.46158955536909,3940.0,,25,2024,CRD Harbours Atlas (ArcGIS MapServer Layer 25),open,CRD_ATTRIBUTION: used with permission from Capital Regional District; CARBON_GAP,False,False,True,False,False,False,True,False,False,False,,6.7761872407199855,0.12859772650065607,,3940.0
CRD-EEL-014,CRD Eelgrass Site 14,48.43013526103766,-123.46127417586885,3940.0,,25,2024,CRD Harbours Atlas (ArcGIS MapServer Layer 25),open,CRD_ATTRIBUTION: used with permission from Capital Regional District; CARBON_GAP,False,False,True,False,False,False,True,False,False,False,,6.751972673608229,0.12899942274106863,,3940.0
CRD-EEL-015,CRD Eelgrass Site 15,48.42902407380419,-123.46085271223342,3940.0,,25,2024,CRD Harbours Atlas (ArcGIS MapServer Layer 25),open,CRD_ATTRIBUTION: used with permission from Capital Regional District; CARBON_GAP,False,False,True,False,False,False,True,False,False,False,,6.718550194327625,0.1295580095773558,,3940.0
CRD-EEL-016,CRD Eelgrass Site 16,48.42928681620337,-123.46079952563082,3940.0,,25,2024,CRD Harbours Atlas (ArcGIS MapServer Layer 25),open,CRD_ATTRIBUTION: used with permission from Capital Regional District; CARBON_GAP,False,False,True,False,False,False,True,False,False,False,,6.714974237502806,0.12961806082759927,,3940.0
CRD-EEL-017,CRD Eelgrass Site 17,48.43049159839337,-123.45749994162766,3940.0,,25,2024,CRD Harbours Atlas (ArcGIS MapServer Layer 25),open,CRD_ATTRIBUTION: used with permission from Capital Regional District; CARBON_GAP,False,False,True,False,False,False,False,False,False,False,,6.474897446959983,0.13378109961986123,,3940.0
CRD-EEL-018,CRD Eelgrass Site 18,48.43048153385565,-123.45821743336627,3940.0,,25,2024,CRD Harbours Atlas (ArcGIS MapServer Layer 25),open,CRD_ATTRIBUTION: used with permission from Capital Regional District; CARBON_GAP,False,False,True,False,False,False,False,False,False,False,,6.5277627442055195,0.13284159370853552,,3940.0
CRD-EEL-019,CRD Eelgrass Site 19,48.43077571243722,-123.45664234708772,3940.0,,25,2024,CRD Harbours Atlas (ArcGIS MapServer Layer 25),open,CRD_ATTRIBUTION: used with permission from Capital Regional District; CARBON_GAP,False,False,True,False,False,False,False,False,False,False,,6.412869017501571,0.1349005354929419,,3940.0
CRD-EEL-020,CRD Eelgrass Site 20,48.42965083881954,-123.45909721186848,3940.0,,25,2024,CRD Harbours Atlas (ArcGIS MapServer Layer 25),open,CRD_ATTRIBUTION: used with permission from Capital Regional District; CARBON_GAP,False,False,True,False,False,False,False,False,False,False,,6.590092066390949,0.1317507075346314,,3940.0
CRD-EEL-021,CRD Eelgrass Site 21,48.43116640135509,-123.46286373600854,3940.0,,25,2024,CRD Harbours Atlas (ArcGIS MapServer Layer 25),open,CRD_ATTRIBUTION: used with permission from Capital Regional District; CARBON_GAP,False,False,True,False,False,False,True,False,False,False,,6.873314382032952,0.1270113133399091,,3940.0
CRD-EEL-022,CRD Eelgrass Site 22,48.43170993282169,-123.4638293223299,3940.0,,25,2024,CRD Harbours Atlas (ArcGIS MapServer Layer 25),open,CRD_ATTRIBUTION: used with permission from Capital Regional District; CARBON_GAP,False,False,True,False,False,False,True,False,False,False,,6.947389053957691,0.12582748789704887,,3940.0
CRD-EEL-023,CRD Eelgrass Site 23,48.42643880644551,-123.46332340381376,3940.0,,25,2024,CRD Harbours Atlas (ArcGIS MapServer Layer 25),open,CRD_ATTRIBUTION: used with permission from Capital Regional District; CARBON_GAP,False,False,True,False,False,False,True,False,False,False,,6.904108629844513,0.12651647982470499,,3940.0
CRD-EEL-024,CRD Eelgrass Site 24,48.424358377115176,-123.46722510055174,3940.0,,25,2024,CRD Harbours Atlas (ArcGIS MapServer Layer 25),open,CRD_ATTRIBUTION: used with permission from Capital Regional District; CARBON_GAP,False,False,True,False,False,False,True,False,False,False,,7.202732990506087,0.12191058774647529,,3940.0
CRD-EEL-025,CRD Eelgrass Site 25,48.42868658053304,-123.47067183462644,3940.0,,25,2024,CRD Harbours Atlas (ArcGIS MapServer Layer 25),open,CRD_ATTRIBUTION: used with permission from Capital Regional District; CARBON_GAP,False,False,True,False,False,False,True,False,False,False,,7.442774294113348,0.11844447869431277,,3940.0
CRD-EEL-026,CRD Eelgrass Site 26,48.43032520779887,-123.46682296764432,3940.0,,25,2024,CRD Harbours Atlas (ArcGIS MapServer Layer 25),open,CRD_ATTRIBUTION: used with permission from Capital Regional District; CARBON_GAP,False,False,True,False,False,False,True,False,False,False,,7.161806855629977,0.12252188978353545,,3940.0
CRD-EEL-027,CRD Eelgrass Site 27,48.430674072637565,-123.46621514969708,3940.0,,25,2024,CRD Harbours Atlas (ArcGIS MapServer Layer 25),open,CRD_ATTRIBUTION: used with permission from Capital Regional District; CARBON_GAP,False,False,True,False,False,False,False,False,False,False,,7.118228675592744,0.12317958017202393,,3940.0
CRD-EEL-028,CRD Eelgrass Site 28,48.42887459734497,-123.47197301182041,3940.0,,25,2024,CRD Harbours Atlas (ArcGIS MapServer Layer 25),open,CRD_ATTRIBUTION: used with permission from Capital Regional District; CARBON_GAP,False,False,True,False,False,False,True,False,False,False,,7.5388826076920195,0.11711134183987694,,3940.0
CRD-EEL-029,CRD Eelgrass Site 29,48.42874627436617,-123.473020002512,3940.0,,25,2024,CRD Harbours Atlas (ArcGIS MapServer Layer 25),open,CRD_ATTRIBUTION: used with permission from Capital Regional District; CARBON_GAP,False,False,True,False,False,False,True,False,False,False,,7.616055630174382,0.11606238897737486,,3940.0
CRD-EEL-030,CRD Eelgrass Site 30,48.42973331885581,-123.46782771349613,3940.0,,25,2024,CRD Harbours Atlas (ArcGIS MapServer Layer 25),open,CRD_ATTRIBUTION: used with permission from Capital Regional District; CARBON_GAP,False,False,True,False,False,False,True,False,False,False,,7.234300930544452,0.12144321763740543,,3940.0
CRD-EEL-031,CRD Eelgrass Site 31,48.42878601608578,-123.471685212947,3940.0,,25,2024,CRD Harbours Atlas (ArcGIS MapServer Layer 25),open,CRD_ATTRIBUTION: used with permission from Capital Regional District; CARBON_GAP,False,False,True,False,False,False,True,False,False,False,,7.5175921408860065,0.11740407188550582,,3940.0
CRD-EEL-032,CRD Eelgrass Site 32,48.42640019738237,-123.47405539638568,3940.0,,25,2024,CRD Harbours Atlas (ArcGIS MapServer Layer 25),open,CRD_ATTRIBUTION: used with permission from Capital Regional District; CARBON_GAP,False,False,True,False,False,False,True,False,False,False,,7.695744404565602,0.1149987802625571,,3940.0
CRD-EEL-033,CRD Eelgrass Site 33,48.42597478187625,-123.47430268958166,3940.0,,25,2024,CRD Harbours Atlas (ArcGIS MapServer Layer 25),open,CRD_ATTRIBUTION: used with permission from Capital Regional District; CARBON_GAP,False,False,True,False,False,False,False,False,False,False,,7.715524199910518,0.11473779167640506,,3940.0
CRD-EEL-034,CRD Eelgrass Site 34,48.423551446692066,-123.47252689424124,3940.0,,25,2024,CRD Harbours Atlas (ArcGIS MapServer Layer 25),open,CRD_ATTRIBUTION: used with permission from Capital Regional District; CARBON_GAP,False,False,True,False,False,False,False,False,False,False,,7.599111443911109,0.11629108501763676,,3940.0
CRD-EEL-035,CRD Eelgrass Site 35,48.42307079971705,-123.47168636781417,3940.0,,25,2024,CRD Harbours Atlas (ArcGIS MapServer Layer 25),open,CRD_ATTRIBUTION: used with permission from Capital Regional District; CARBON_GAP,False,False,True,False,False,False,False,False,False,False,,7.541295446104059,0.11707825894913049,,3940.0
CRD-EEL-036,CRD Eelgrass Site 36,48.42121692727602,-123.47087067952582,3940.0,,25,2024,CRD Harbours Atlas (ArcGIS MapServer Layer 25),open,CRD_ATTRIBUTION: used with permission from Capital Regional District; CARBON_GAP,False,False,True,False,False,False,False,False,False,False,,7.500574002202735,0.11763911469282805,,3940.0
CRD-EEL-037,CRD Eelgrass Site 37,48.42034856249247,-123.47087040021165,3940.0,,25,2024,CRD Harbours Atlas (ArcGIS MapServer Layer 25),open,CRD_ATTRIBUTION: used with permission from Capital Regional District; CARBON_GAP,False,False,True,False,False,False,True,False,False,False,,7.5115126313147655,0.11748792997391475,,3940.0
CRD-EEL-038,CRD Eelgrass Site 38,48.421993587680014,-123.47095965800392,3940.0,,25,2024,CRD Harbours Atlas (ArcGIS MapServer Layer 25),open,CRD_ATTRIBUTION: used with permission from Capital Regional District; CARBON_GAP,False,False,True,False,False,False,True,False,False,False,,7.498348904855343,0.11766991579136887,,3940.0
CRD-EEL-039,CRD Eelgrass Site 39,48.42215483975724,-123.47107644045703,3940.0,,25,2024,CRD Harbours Atlas (ArcGIS MapServer Layer 25),open,CRD_ATTRIBUTION: used with permission from Capital Regional District; CARBON_GAP,False,False,True,False,False,False,False,False,False,False,,7.505235130174273,0.11757464487398714,,3940.0
CRD-EEL-040,CRD Eelgrass Site 40,48.42256464911283,-123.47121209899736,3940.0,,25,2024,CRD Harbours Atlas (ArcGIS MapServer Layer 25),open,CRD_ATTRIBUTION: used with permission from Capital Regional District; CARBON_GAP,False,False,True,False,False,False,True,False,False,False,,7.51109858133652,0.11749364555509208,,3940.0
CRD-EEL-041,CRD Eelgrass Site 41,48.42242107969447,-123.47125613112249,3940.0,,25,2024,CRD Harbours Atlas (ArcGIS MapServer Layer 25),open,CRD_ATTRIBUTION: used with permission from Capital Regional District; CARBON_GAP,False,False,True,False,False,False,True,False,False,False,,7.515741357387512,0.11742958810420981,,3940.0
CRD-EEL-042,CRD Eelgrass Site 42,48.42699427424054,-123.46265709185651,3940.0,,25,2024,CRD Harbours Atlas (ArcGIS MapServer Layer 25),open,CRD_ATTRIBUTION: used with permission from Capital Regional District; CARBON_GAP,False,False,True,False,False,False,True,False,False,False,,6.85324494050758,0.1273358984184908,,3940.0
CRD-EEL-043,CRD Eelgrass Site 43,48.42762144501951,-123.46199443081454,3940.0,,25,2024,CRD Harbours Atlas (ArcGIS MapServer Layer 25),open,CRD_ATTRIBUTION: used with permission from Capital Regional District; CARBON_GAP,False,False,True,False,False,False,True,False,False,False,,6.803076566816439,0.12815457998357024,,3940.0
CRD-EEL-044,CRD Eelgrass Site 44,48.42751822866246,-123.46199888869614,3940.0,,25,2024,CRD Harbours Atlas (ArcGIS MapServer Layer 25),open,CRD_ATTRIBUTION: used with permission from Capital Regional District; CARBON_GAP,False,False,True,False,False,False,False,False,False,False,,6.803568092851871,0.1281465078668318,,3940.0
CRD-EEL-045,CRD Eelgrass Site 45,48.42416375683676,-123.47325590326541,3940.0,,25,2024,CRD Harbours Atlas (ArcGIS MapServer Layer 25),open,CRD_ATTRIBUTION: used with permission from Capital Regional District; CARBON_GAP,False,False,True,False,False,False,False,False,False,False,,7.6482276449247415,0.11563062873198711,,3940.0
CRD-EEL-046,CRD Eelgrass Site 46,48.42427099537309,-123.47340707715097,3940.0,,25,2024,CRD Harbours Atlas (ArcGIS MapServer Layer 25),open,CRD_ATTRIBUTION: used with permission from Capital Regional District; CARBON_GAP,False,False,True,False,False,False,False,False,False,False,,7.658629026927818,0.11549172471647184,,3940.0
CRD-EEL-047,CRD Eelgrass Site 47,48.42502429845502,-123.47363532596641,3940.0,,25,2024,CRD Harbours Atlas (ArcGIS MapServer Layer 25),open,CRD_ATTRIBUTION: used with permission from Capital Regional District; CARBON_GAP,False,False,True,False,False,False,False,False,False,False,,7.670829086503521,0.11532922515524363,,3940.0
CRD-EEL-048,CRD Eelgrass Site 48,48.42481497513789,-123.47365085840055,3940.0,,25,2024,CRD Harbours Atlas (ArcGIS MapServer Layer 25),open,CRD_ATTRIBUTION: used with permission from Capital Regional District; CARBON_GAP,False,False,True,False,False,False,False,False,False,False,,7.6731635652671795,0.11529818300725136,,3940.0
CRD-EEL-049,CRD Eelgrass Site 49,48.42439294412934,-123.46684677506468,3940.0,,25,2024,CRD Harbours Atlas (ArcGIS MapServer Layer 25),open,CRD_ATTRIBUTION: used with permission from Capital Regional District; CARBON_GAP,False,False,True,False,False,False,False,False,False,False,,7.17462996122746,0.12232969623616397,,3940.0
CRD-EEL-050,CRD Eelgrass Site 50,48.42589254379531,-123.46374693054511,3940.0,,25,2024,CRD Harbours Atlas (ArcGIS MapServer Layer 25),open,CRD_ATTRIBUTION: used with permission from Capital Regional District; CARBON_GAP,False,False,True,False,False,False,True,False,False,False,,6.937556038497535,0.12598336252997158,,3940.0
CRD-EEL-051,CRD Eelgrass Site 51,48.42513115128612,-123.46461474146672,3940.0,,25,2024,CRD Harbours Atlas (ArcGIS MapServer Layer 25),open,CRD_ATTRIBUTION: used with permission from Capital Regional District; CARBON_GAP,False,False,True,False,False,False,False,False,False,False,,7.005471504472882,0.1249145661740563,,3940.0
CRD-EEL-052,CRD Eelgrass Site 52,48.4227190773134,-123.46880350840195,3940.0,,25,2024,CRD Harbours Atlas (ArcGIS MapServer Layer 25),open,CRD_ATTRIBUTION: used with permission from Capital Regional District; CARBON_GAP,False,False,True,False,False,False,True,False,False,False,,7.332543111681004,0.1200113802709459,,3940.0
CRD-EEL-053,CRD Eelgrass Site 53,48.42157937580042,-123.46912198621604,3940.0,,25,2024,CRD Harbours Atlas (ArcGIS MapServer Layer 25),open,CRD_ATTRIBUTION: used with permission from Capital Regional District; CARBON_GAP,False,False,True,False,False,False,True,False,False,False,,7.368002352588742,0.11950283447167506,,3940.0
CRD-EEL-054,CRD Eelgrass Site 54,48.43247460129282,-123.4389200088642,3940.0,,25,2024,CRD Harbours Atlas (ArcGIS MapServer Layer 25),open,CRD_ATTRIBUTION: used with permission from Capital Regional District; CARBON_GAP,False,False,True,False,False,False,False,False,False,False,,5.119832837742927,0.1634031560196688,,3940.0
CRD-EEL-055,CRD Eelgrass Site 55,48.432933601991984,-123.42117248312829,3940.0,,25,2024,CRD Harbours Atlas (ArcGIS MapServer Layer 25),open,CRD_ATTRIBUTION: used with permission from Capital Regional District; CARBON_GAP,False,False,True,False,False,False,False,False,False,False,,3.8236750710115976,0.20731081287162337,,3940.0
CRD-EEL-056,CRD Eelgrass Site 56,48.43361748768924,-123.42099035537012,3940.0,,25,2024,CRD Harbours Atlas (ArcGIS MapServer Layer 25),open,CRD_ATTRIBUTION: used with permission from Capital Regional District; CARBON_GAP,False,False,True,False,False,False,False,False,False,False,,3.82113442296813,0.20742006180867908,,3940.0
CRD-EEL-057,CRD Eelgrass Site 57,48.43964237653405,-123.43255372977912,3940.0,,25,2024,CRD Harbours Atlas (ArcGIS MapServer Layer 25),open,CRD_ATTRIBUTION: used with permission from Capital Regional District; CARBON_GAP,False,False,True,False,False,False,False,False,False,False,,4.7955128006834,0.17254728518278506,,3940.0
CRD-EEL-058,CRD Eelgrass Site 58,48.44052061922031,-123.43413236559212,3940.0,,25,2024,CRD Harbours Atlas (ArcGIS MapServer Layer 25),open,CRD_ATTRIBUTION: used with permission from Capital Regional District; CARBON_GAP,False,False,True,False,False,False,False,False,False,False,,4.933782836209751,0.1685265584540262,,3940.0
CRD-EEL-059,CRD Eelgrass Site 59,48.4493811656491,-123.43518543271185,3940.0,,25,2024,CRD Harbours Atlas (ArcGIS MapServer Layer 25),open,CRD_ATTRIBUTION: used with permission from Capital Regional District; CARBON_GAP,False,False,True,False,False,False,True,False,False,False,,5.357993824942738,0.15728231695931325,,3940.0
CRD-EEL-060,CRD Eelgrass Site 60,48.44718051007437,-123.44959412436667,3940.0,,25,2024,CRD Harbours Atlas (ArcGIS MapServer Layer 25),open,CRD_ATTRIBUTION: used with permission from Capital Regional District; CARBON_GAP,False,False,True,False,False,False,False,False,False,False,,6.2458929620699175,0.13800921504564045,,3940.0
CRD-EEL-061,CRD Eelgrass Site 61,48.44728976200301,-123.44963471537713,3940.0,,25,2024,CRD Harbours Atlas (ArcGIS MapServer Layer 25),open,CRD_ATTRIBUTION: used with permission from Capital Regional District; CARBON_GAP,False,False,True,False,False,False,False,False,False,False,,6.252779547387604,0.13787817394231877,,3940.0
CRD-EEL-062,CRD Eelgrass Site 62,48.449585466139375,-123.40912107276702,3940.0,,25,2024,CRD Harbours Atlas (ArcGIS MapServer Layer 25),open,CRD_ATTRIBUTION: used with permission from Capital Regional District; CARBON_GAP,False,False,True,False,False,False,True,False,False,False,,3.7367412096339634,0.21111560791333076,,3940.0
CRD-EEL-063,CRD Eelgrass Site 63,48.449669369009605,-123.41174909005214,3940.0,,25,2024,CRD Harbours Atlas (ArcGIS MapServer Layer 25),open,CRD_ATTRIBUTION: used with permission from Capital Regional District; CARBON_GAP,False,False,True,False,False,False,True,False,False,False,,3.8948067952428835,0.2042981555414751,,3940.0
CRD-EEL-064,CRD Eelgrass Site 64,48.45008425781307,-123.40998270975803,3940.0,,25,2024,CRD Harbours Atlas (ArcGIS MapServer Layer 25),open,CRD_ATTRIBUTION: used with permission from Capital Regional District; CARBON_GAP,False,False,True,False,False,False,True,False,False,False,,3.82103622269275,0.20742428677324026,,3940.0
CRD-EEL-065,CRD Eelgrass Site 65,48.44786040724509,-123.40804737920763,3940.0,,25,2024,CRD Harbours Atlas (ArcGIS MapServer Layer 25),open,CRD_ATTRIBUTION: used with permission from Capital Regional District; CARBON_GAP,False,False,True,False,False,False,True,False,False,False,,3.555747883459169,0.21950292807702568,,3940.0
CRD-EEL-066,CRD Eelgrass Site 66,48.44861457034083,-123.40445107668295,3940.0,,25,2024,CRD Harbours Atlas (ArcGIS MapServer Layer 25),open,CRD_ATTRIBUTION: used with permission from Capital Regional District; CARBON_GAP,False,False,True,False,False,False,True,False,False,False,,3.4038953867057793,0.22707169725664722,,3940.0
CRD-EEL-067,CRD Eelgrass Site 67,48.44709370921588,-123.40341103075475,3940.0,,25,2024,CRD Harbours Atlas (ArcGIS MapServer Layer 25),open,CRD_ATTRIBUTION: used with permission from Capital Regional District; CARBON_GAP,False,False,True,False,False,False,True,False,False,False,,3.2355352634621655,0.23609766836944968,,3940.0
CRD-EEL-068,CRD Eelgrass Site 68,48.44647485888475,-123.39930446190239,3940.0,,25,2024,CRD Harbours Atlas (ArcGIS MapServer Layer 25),open,CRD_ATTRIBUTION: used with permission from Capital Regional District; CARBON_GAP,False,False,True,False,False,False,False,False,False,False,,2.9625806710455476,0.2523607928810052,,3940.0
CRD-EEL-069,CRD Eelgrass Site 69,48.44601377314093,-123.39853792557855,3940.0,,25,2024,CRD Harbours Atlas (ArcGIS MapServer Layer 25),open,CRD_ATTRIBUTION: used with permission from Capital Regional District; CARBON_GAP,False,False,True,False,False,False,False,False,False,False,,2.886260545145498,0.2573167672067548,,3940.0
CRD-EEL-070,CRD Eelgrass Site 70,48.44556379680569,-123.39705018010703,3940.0,,25,2024,CRD Harbours Atlas (ArcGIS MapServer Layer 25),open,CRD_ATTRIBUTION: used with permission from Capital Regional District; CARBON_GAP,False,False,True,False,False,False,True,False,False,False,,2.7719546383095803,0.26511453500622023,,3940.0
CRD-EEL-071,CRD Eelgrass Site 71,48.44352591395927,-123.39404190875479,3940.0,,25,2024,CRD Harbours Atlas (ArcGIS MapServer Layer 25),open,CRD_ATTRIBUTION: used with permission from Capital Regional District; CARBON_GAP,False,False,True,False,False,False,True,False,False,False,,2.4550441104589322,0.2894319053620332,,3940.0
CRD-EEL-072,CRD Eelgrass Site 72,48.442911577349186,-123.39194693704316,3940.0,,25,2024,CRD Harbours Atlas (ArcGIS MapServer Layer 25),open,CRD_ATTRIBUTION: used with permission from Capital Regional District; CARBON_GAP,False,False,True,False,False,False,True,False,False,False,,2.2963527142255744,0.30336559424737836,,3940.0
CRD-EEL-073,CRD Eelgrass Site 73,48.44305775685909,-123.3943986856651,3940.0,,25,2024,CRD Harbours Atlas (ArcGIS MapServer Layer 25),open,CRD_ATTRIBUTION: used with permission from Capital Regional District; CARBON_GAP,False,False,True,False,False,False,True,False,False,False,,2.4392020906461327,0.29076511750204453,,3940.0
CRD-EEL-074,CRD Eelgrass Site 74,48.44240850499569,-123.392366713527,3940.0,,25,2024,CRD Harbours Atlas (ArcGIS MapServer Layer 25),open,CRD_ATTRIBUTION: used with permission from Capital Regional District; CARBON_GAP,False,False,True,False,False,False,True,False,False,False,,2.279916444224433,0.304885815539871,,3940.0
CRD-EEL-075,CRD Eelgrass Site 75,48.44195189998569,-123.39146438347609,3940.0,,25,2024,CRD Harbours Atlas (ArcGIS MapServer Layer 25),open,CRD_ATTRIBUTION: used with permission from Capital Regional District; CARBON_GAP,False,False,True,False,False,False,True,False,False,False,,2.1966401060678984,0.3128284595134087,,3940.0
CRD-EEL-076,CRD Eelgrass Site 76,48.440404630111104,-123.38921018872,3940.0,,25,2024,CRD Harbours Atlas (ArcGIS MapServer Layer 25),open,CRD_ATTRIBUTION: used with permission from Capital Regional District; CARBON_GAP,False,False,True,False,False,False,True,False,False,False,,1.9576610555368261,0.33810500298131574,,3940.0
CRD-EEL-077,CRD Eelgrass Site 77,48.439248085959754,-123.38734897896605,3940.0,,25,2024,CRD Harbours Atlas (ArcGIS MapServer Layer 25),open,CRD_ATTRIBUTION: used with permission from Capital Regional District; CARBON_GAP,False,False,True,False,False,False,True,False,False,False,,1.7695426144758026,0.36107045068496707,,3940.0
CRD-EEL-078,CRD Eelgrass Site 78,48.44031439836758,-123.38764237474766,3940.0,,25,2024,CRD Harbours Atlas (ArcGIS MapServer Layer 25),open,CRD_ATTRIBUTION: used with permission from Capital Regional District; CARBON_GAP,False,False,True,False,False,False,False,False,False,False,,1.8675833968616466,0.3487256904522549,,3940.0
CRD-EEL-079,CRD Eelgrass Site 79,48.439693702130576,-123.3853626775721,3940.0,,25,2024,CRD Harbours Atlas (ArcGIS MapServer Layer 25),open,CRD_ATTRIBUTION: used with permission from Capital Regional District; CARBON_GAP,False,False,True,False,False,False,True,False,False,False,,1.701553930914315,0.3701573337318347,,3940.0
CRD-EEL-080,CRD Eelgrass Site 80,48.43986804956591,-123.38447819754242,3940.0,,25,2024,CRD Harbours Atlas (ArcGIS MapServer Layer 25),open,CRD_ATTRIBUTION: used with permission from Capital Regional District; CARBON_GAP,False,False,True,False,False,False,True,False,False,False,,1.6729513085841006,0.37411830016825626,,3940.0
CRD-EEL-081,CRD Eelgrass Site 81,48.45009695181775,-123.41219087129157,3940.0,,25,2024,CRD Harbours Atlas (ArcGIS MapServer Layer 25),open,CRD_ATTRIBUTION: used with permission from Capital Regional District; CARBON_GAP,False,False,True,False,False,False,True,False,False,False,,3.9496013743253826,0.2020364721060587,,3940.0
CRD-EEL-082,CRD Eelgrass Site 82,48.45060841875503,-123.4151747106552,3940.0,,25,2024,CRD Harbours Atlas (ArcGIS MapServer Layer 25),open,CRD_ATTRIBUTION: used with permission from Capital Regional District; CARBON_GAP,False,False,True,False,False,False,True,False,False,False,,4.159563772861883,0.19381483474625696,,3940.0
CRD-EEL-083,CRD Eelgrass Site 83,48.45205225740529,-123.42200437733005,3940.0,,25,2024,CRD Harbours Atlas (ArcGIS MapServer Layer 25),open,CRD_ATTRIBUTION: used with permission from Capital Regional District; CARBON_GAP,False,False,True,False,False,False,True,False,False,False,,4.663344629563503,0.17657410336285223,,3940.0
CRD-EEL-084,CRD Eelgrass Site 84,48.4514737281701,-123.4211248356813,3940.0,,25,2024,CRD Harbours Atlas (ArcGIS MapServer Layer 25),open,CRD_ATTRIBUTION: used with permission from Capital Regional District; CARBON_GAP,False,False,True,False,False,True,False,False,False,False,,4.573533919859714,0.17941937994434418,,3940.0
CRD-EEL-085,CRD Eelgrass Site 85,48.45121359141673,-123.42223599423936,3940.0,,25,2024,CRD Harbours Atlas (ArcGIS MapServer Layer 25),open,CRD_ATTRIBUTION: used with permission from Capital Regional District; CARBON_GAP,False,False,True,False,False,True,False,False,False,False,,4.625698346563083,0.17775570931756973,,3940.0
CRD-EEL-086,CRD Eelgrass Site 86,48.451225725658425,-123.42236878136673,3940.0,,25,2024,CRD Harbours Atlas (ArcGIS MapServer Layer 25),open,CRD_ATTRIBUTION: used with permission from Capital Regional District; CARBON_GAP,False,False,True,False,False,True,False,False,False,False,,4.634630857008214,0.177473915395225,,3940.0
CRD-EEL-087,CRD Eelgrass Site 87,48.45132429908752,-123.42285707759244,3940.0,,25,2024,CRD Harbours Atlas (ArcGIS MapServer Layer 25),open,CRD_ATTRIBUTION: used with permission from Capital Regional District; CARBON_GAP,False,False,True,False,False,False,True,False,False,False,,4.6707809573575485,0.1763425544946417,,3940.0
CRD-EEL-088,CRD Eelgrass Site 88,48.45149839714795,-123.42290178585672,3940.0,,25,2024,CRD Harbours Atlas (ArcGIS MapServer Layer 25),open,CRD_ATTRIBUTION: used with permission from Capital Regional District; CARBON_GAP,False,False,True,False,False,False,True,False,False,False,,4.684126133946017,0.17592853790276167,,3940.0
CRD-EEL-089,CRD Eelgrass Site 89,48.451735879849466,-123.41941719198775,3940.0,,25,2024,CRD Harbours Atlas (ArcGIS MapServer Layer 25),open,CRD_ATTRIBUTION: used with permission from Capital Regional District; CARBON_GAP,False,False,True,False,False,True,False,False,False,False,,4.4866007044588425,0.18226221550755853,,3940.0
CRD-EEL-090,CRD Eelgrass Site 90,48.451341798372006,-123.41573485115003,3940.0,,25,2024,CRD Harbours Atlas (ArcGIS MapServer Layer 25),open,CRD_ATTRIBUTION: used with permission from Capital Regional District; CARBON_GAP,False,False,True,False,False,False,False,False,False,False,,4.241407464294379,0.19078844886840415,,3940.0
CRD-EEL-091,CRD Eelgrass Site 91,48.451739819080956,-123.42319911061033,3940.0,,25,2024,CRD Harbours Atlas (ArcGIS MapServer Layer 25),open,CRD_ATTRIBUTION: used with permission from Capital Regional District; CARBON_GAP,False,False,True,False,False,False,True,False,False,False,,4.717191218758158,0.1749110641461476,,3940.0
CRD-EEL-092,CRD Eelgrass Site 92,48.45194033205015,-123.4234853997661,3940.0,,25,2024,CRD Harbours Atlas (ArcGIS MapServer Layer 25),open,CRD_ATTRIBUTION: used with permission from Capital Regional District; CARBON_GAP,False,False,True,False,False,False,True,False,False,False,,4.747091714804595,0.1740010512489273,,3940.0
CRD-EEL-093,CRD Eelgrass Site 93,48.45149226878253,-123.41852966429927,3940.0,,25,2024,CRD Harbours Atlas (ArcGIS MapServer Layer 25),open,CRD_ATTRIBUTION: used with permission from Capital Regional District; CARBON_GAP,False,False,True,False,False,False,True,False,False,False,,4.417559419315598,0.18458496208359637,,3940.0
CRD-EEL-094,CRD Eelgrass Site 94,48.45150133628012,-123.4163537568301,3940.0,,25,2024,CRD Harbours Atlas (ArcGIS MapServer Layer 25),open,CRD_ATTRIBUTION: used with permission from Capital Regional District; CARBON_GAP,False,False,True,False,False,False,False,False,False,False,,4.288567543859879,0.1890871189044409,,3940.0
CRD-EEL-095,CRD Eelgrass Site 95,48.45220595991369,-123.42382759655743,3940.0,,25,2024,CRD Harbours Atlas (ArcGIS MapServer Layer 25),open,CRD_ATTRIBUTION: used with permission from Capital Regional District; CARBON_GAP,False,False,True,False,False,False,True,False,False,False,,4.784440083649321,0.17287757942668744,,3940.0
CRD-EEL-096,CRD Eelgrass Site 96,48.452255382560715,-123.42393977459089,3940.0,,25,2024,CRD Harbours Atlas (ArcGIS MapServer Layer 25),open,CRD_ATTRIBUTION: used with permission from Capital Regional District; CARBON_GAP,False,False,True,False,False,False,True,False,False,False,,4.7943720816530115,0.1725812540009894,,3940.0
CRD-EEL-097,CRD Eelgrass Site 97,48.45267181588784,-123.4233515585729,3940.0,,25,2024,CRD Harbours Atlas (ArcGIS MapServer Layer 25),open,CRD_ATTRIBUTION: used with permission from Capital Regional District; CARBON_GAP,False,False,True,False,False,False,True,False,False,False,,4.784242986451877,0.1728834702038359,,3940.0
CRD-EEL-098,CRD Eelgrass Site 98,48.45374815868616,-123.42349790690373,3940.0,,25,2024,CRD Harbours Atlas (ArcGIS MapServer Layer 25),open,CRD_ATTRIBUTION: used with permission from Capital Regional District; CARBON_GAP,False,False,True,False,False,False,True,False,False,False,,4.861523532293592,0.17060410906662413,,3940.0
CRD-EEL-099,CRD Eelgrass Site 99,48.45463878974369,-123.42529684622365,3940.0,,25,2024,CRD Harbours Atlas (ArcGIS MapServer Layer 25),open,CRD_ATTRIBUTION: used with permission from Capital Regional District; CARBON_GAP,False,False,True,False,False,False,True,False,False,False,,5.027033646054011,0.16591910029483825,,3940.0
CRD-EEL-100,CRD Eelgrass Site 100,48.4561158155105,-123.42470163396214,3940.0,,25,2024,CRD Harbours Atlas (ArcGIS MapServer Layer 25),open,CRD_ATTRIBUTION: used with permission from Capital Regional District; CARBON_GAP,False,False,True,False,False,False,True,False,False,False,,5.089045355365838,0.16422935643249428,,3940.0
CRD-EEL-101,CRD Eelgrass Site 101,48.457277626079126,-123.42293221284785,3940.0,,25,2024,CRD Harbours Atlas (ArcGIS MapServer Layer 25),open,CRD_ATTRIBUTION: used with permission from Capital Regional District; CARBON_GAP,False,False,True,False,False,False,True,False,False,False,,5.06664457165907,0.16483576517266216,,3940.0
CRD-EEL-102,CRD Eelgrass Site 102,48.454815959386174,-123.42359152431733,3940.0,,25,2024,CRD Harbours Atlas (ArcGIS MapServer Layer 25),open,CRD_ATTRIBUTION: used with permission from Capital Regional District; CARBON_GAP,False,False,True,False,False,False,True,False,False,False,,4.93682669170153,0.16844015362580747,,3940.0
CRD-EEL-103,CRD Eelgrass Site 103,48.457086757437956,-123.42100790520732,3940.0,,25,2024,CRD Harbours Atlas (ArcGIS MapServer Layer 25),open,CRD_ATTRIBUTION: used with permission from Capital Regional District; CARBON_GAP,False,False,True,False,False,False,True,False,False,False,,4.943949520652343,0.1682383062853217,,3940.0
CRD-EEL-104,CRD Eelgrass Site 104,48.45684758931765,-123.42118578914771,3940.0,,25,2024,CRD Harbours Atlas (ArcGIS MapServer Layer 25),open,CRD_ATTRIBUTION: used with permission from Capital Regional District; CARBON_GAP,False,False,True,False,False,False,True,False,False,False,,4.9369066063493445,0.16843788631111864,,3940.0
CRD-EEL-105,CRD Eelgrass Site 105,48.45829053042936,-123.42035852993139,3940.0,,25,2024,CRD Harbours Atlas (ArcGIS MapServer Layer 25),open,CRD_ATTRIBUTION: used with permission from Capital Regional District; CARBON_GAP,False,False,True,False,False,True,False,False,False,False,,4.995457389537225,0.16679294589685803,,3940.0
CRD-EEL-106,CRD Eelgrass Site 106,48.459501497661314,-123.41659826229066,3940.0,,25,2024,CRD Harbours Atlas (ArcGIS MapServer Layer 25),open,CRD_ATTRIBUTION: used with permission from Capital Regional District; CARBON_GAP,False,False,True,False,False,True,False,False,False,False,,4.886275998784518,0.1698866991976751,,3940.0
CRD-EEL-107,CRD Eelgrass Site 107,48.457316502801525,-123.41788578652968,3940.0,,25,2024,CRD Harbours Atlas (ArcGIS MapServer Layer 25),open,CRD_ATTRIBUTION: used with permission from Capital Regional District; CARBON_GAP,False,False,True,False,False,False,True,False,False,False,,4.78742752753154,0.17278834080303743,,3940.0
CRD-EEL-108,CRD Eelgrass Site 108,48.45628628730877,-123.41840478898968,3940.0,,25,2024,CRD Harbours Atlas (ArcGIS MapServer Layer 25),open,CRD_ATTRIBUTION: used with permission from Capital Regional District; CARBON_GAP,False,False,True,False,False,False,True,False,False,False,,4.740170604015315,0.1742108499877144,,3940.0
CRD-EEL-109,CRD Eelgrass Site 109,48.45733774428827,-123.41651936123671,3940.0,,25,2024,CRD Harbours Atlas (ArcGIS MapServer Layer 25),open,CRD_ATTRIBUTION: used with permission from Capital Regional District; CARBON_GAP,False,False,True,False,False,True,False,False,False,False,,4.714849394287105,0.17498273900265124,,3940.0
CRD-EEL-110,CRD Eelgrass Site 110,48.45733385575859,-123.41655282029623,3940.0,,25,2024,CRD Harbours Atlas (ArcGIS MapServer Layer 25),open,CRD_ATTRIBUTION: used with permission from Capital Regional District; CARBON_GAP,False,False,True,False,False,True,False,False,False,False,,4.716358757010909,0.17493653609013535,,3940.0
CRD-EEL-111,CRD Eelgrass Site 111,48.45892801862421,-123.41534501171863,3940.0,,25,2024,CRD Harbours Atlas (ArcGIS MapServer Layer 25),open,CRD_ATTRIBUTION: used with permission from Capital Regional District; CARBON_GAP,False,False,True,False,False,True,False,False,False,False,,4.7758949209145625,0.1731333436103541,,3940.0
CRD-EEL-112,CRD Eelgrass Site 112,48.461504609911685,-123.41510968745234,3940.0,,25,2024,CRD Harbours Atlas (ArcGIS MapServer Layer 25),open,CRD_ATTRIBUTION: used with permission from Capital Regional District; CARBON_GAP,False,False,True,False,False,True,False,False,False,False,,4.9718682003557175,0.16745178668551902,,3940.0
CRD-EEL-113,CRD Eelgrass Site 113,48.46255272599634,-123.4205468631663,3940.0,,25,2024,CRD Harbours Atlas (ArcGIS MapServer Layer 25),open,CRD_ATTRIBUTION: used with permission from Capital Regional District; CARBON_GAP,False,False,True,False,False,True,False,False,False,False,,5.332189851223714,0.15792324985435285,,3940.0
CRD-EEL-114,CRD Eelgrass Site 114,48.460727435066175,-123.42174466210662,3940.0,,25,2024,CRD Harbours Atlas (ArcGIS MapServer Layer 25),open,CRD_ATTRIBUTION: used with permission from Capital Regional District; CARBON_GAP,False,False,True,False,False,True,False,False,False,False,,5.253723762626954,0.15990472843973805,,3940.0
CRD-EEL-115,CRD Eelgrass Site 115,48.46033892785155,-123.41986920085861,3940.0,,25,2024,CRD Harbours Atlas (ArcGIS MapServer Layer 25),open,CRD_ATTRIBUTION: used with permission from Capital Regional District; CARBON_GAP,False,False,True,False,False,True,False,False,False,False,,5.123679468195147,0.16330051322799452,,3940.0
CRD-EEL-116,CRD Eelgrass Site 116,48.45656889838321,-123.42261000330107,3940.0,,25,2024,CRD Harbours Atlas (ArcGIS MapServer Layer 25),open,CRD_ATTRIBUTION: used with permission from Capital Regional District; CARBON_GAP,False,False,True,False,False,False,True,False,False,False,,4.998547097038082,0.16670703485745283,,3940.0
CRD-EEL-117,CRD Eelgrass Site 117,48.457940614797884,-123.4204947903018,3940.0,,25,2024,CRD Harbours Atlas (ArcGIS MapServer Layer 25),open,CRD_ATTRIBUTION: used with permission from Capital Regional District; CARBON_GAP,False,False,True,False,False,False,True,False,False,False,,4.977211149700178,0.16730210376626245,,3940.0
CRD-EEL-118,CRD Eelgrass Site 118,48.45319372589765,-123.42345842712216,3940.0,,25,2024,CRD Harbours Atlas (ArcGIS MapServer Layer 25),open,CRD_ATTRIBUTION: used with permission from Capital Regional District; CARBON_GAP,False,False,True,False,False,False,True,False,False,False,,4.823669534578313,0.17171304004501847,,3940.0
CRD-EEL-119,CRD Eelgrass Site 119,48.42778346255367,-123.37255277005309,3940.0,,25,2024,CRD Harbours Atlas (ArcGIS MapServer Layer 25),open,CRD_ATTRIBUTION: used with permission from Capital Regional District; CARBON_GAP,False,False,True,False,False,False,True,False,False,False,,0.21436938586106466,0.823472669554278,,3940.0
CRD-EEL-120,CRD Eelgrass Site 120,48.42787843801701,-123.37255990998537,3940.0,,25,2024,CRD Harbours Atlas (ArcGIS MapServer Layer 25),open,CRD_ATTRIBUTION: used with permission from Capital Regional District; CARBON_GAP,False,False,True,False,False,False,True,False,False,False,,0.2117355928215662,0.8252625456610274,,3940.0
CRD-EEL-121,CRD Eelgrass Site 121,48.42776730944488,-123.37266994814749,3940.0,,25,2024,CRD Harbours Atlas (ArcGIS MapServer Layer 25),open,CRD_ATTRIBUTION: used with permission from Capital Regional District; CARBON_GAP,False,False,True,False,False,False,True,False,False,False,,0.2231382359322472,0.8175690781490643,,3940.0
CRD-EEL-122,CRD Eelgrass Site 122,48.42578487633742,-123.37480445646696,3940.0,,25,2024,CRD Harbours Atlas (ArcGIS MapServer Layer 25),open,CRD_ATTRIBUTION: used with permission from Capital Regional District; CARBON_GAP,False,False,True,False,False,False,True,False,False,False,,0.4700102681462037,0.6802673570852515,,3940.0
CRD-EEL-123,CRD Eelgrass Site 123,48.42561583325213,-123.37533680137776,3940.0,,25,2024,CRD Harbours Atlas (ArcGIS MapServer Layer 25),open,CRD_ATTRIBUTION: used with permission from Capital Regional District; CARBON_GAP,False,False,True,False,False,False,True,False,False,False,,0.5125882899523609,0.6611184329818494,,3940.0
CRD-EEL-124,CRD Eelgrass Site 124,48.42559753932678,-123.37551971682144,3940.0,,25,2024,CRD Harbours Atlas (ArcGIS MapServer Layer 25),open,CRD_ATTRIBUTION: used with permission from Capital Regional District; CARBON_GAP,False,False,True,False,False,False,True,False,False,False,,0.5246145175497536,0.6559035011729556,,3940.0
CRD-EEL-125,CRD Eelgrass Site 125,48.42567138160121,-123.3754059868251,3940.0,,25,2024,CRD Harbours Atlas (ArcGIS MapServer Layer 25),open,CRD_ATTRIBUTION: used with permission from Capital Regional District; CARBON_GAP,False,False,True,False,False,False,True,False,False,False,,0.5129887576493631,0.6609434438585241,,3940.0
CRD-EEL-126,CRD Eelgrass Site 126,48.42458840754207,-123.3937305018179,3940.0,,25,2024,CRD Harbours Atlas (ArcGIS MapServer Layer 25),open,CRD_ATTRIBUTION: used with permission from Capital Regional District; CARBON_GAP,False,False,True,False,False,False,False,True,False,False,,1.8159075458420375,0.35512529574225465,,3940.0
CRD-EEL-127,CRD Eelgrass Site 127,48.42466340229953,-123.393470275068,3940.0,,25,2024,CRD Harbours Atlas (ArcGIS MapServer Layer 25),open,CRD_ATTRIBUTION: used with permission from Capital Regional District; CARBON_GAP,False,False,True,False,False,False,False,True,False,False,,1.795292664965208,0.3577442936596575,,3940.0
CRD-EEL-128,CRD Eelgrass Site 128,48.42459085615032,-123.39352788512856,3940.0,,25,2024,CRD Harbours Atlas (ArcGIS MapServer Layer 25),open,CRD_ATTRIBUTION: used with permission from Capital Regional District; CARBON_GAP,False,False,True,False,False,False,False,True,False,False,,1.801309325317537,0.35697592942066364,,3940.0
CRD-EEL-129,CRD Eelgrass Site 129,48.424589889111644,-123.39362597247188,3940.0,,25,2024,CRD Harbours Atlas (ArcGIS MapServer Layer 25),open,CRD_ATTRIBUTION: used with permission from Capital Regional District; CARBON_GAP,False,False,True,False,False,False,False,True,False,False,,1.80836995169919,0.35607844308224246,,3940.0
CRD-EEL-130,CRD Eelgrass Site 130,48.424291023509795,-123.39370885412347,3940.0,,25,2024,CRD Harbours Atlas (ArcGIS MapServer Layer 25),open,CRD_ATTRIBUTION: used with permission from Capital Regional District; CARBON_GAP,False,False,True,False,False,False,False,True,False,False,,1.8223675747645773,0.3543124605530565,,3940.0
CRD-EEL-131,CRD Eelgrass Site 131,48.42287299611372,-123.38837394282145,3940.0,,25,2024,CRD Harbours Atlas (ArcGIS MapServer Layer 25),open,CRD_ATTRIBUTION: used with permission from Capital Regional District; CARBON_GAP,False,False,True,False,False,False,False,False,True,False,,1.50202082525598,0.3996769291069713,,3940.0
CRD-EEL-132,CRD Eelgrass Site 132,48.42325926569376,-123.38827893416155,3940.0,,25,2024,CRD Harbours Atlas (ArcGIS MapServer Layer 25),open,CRD_ATTRIBUTION: used with permission from Capital Regional District; CARBON_GAP,False,False,True,False,False,False,False,False,True,False,,1.478491342719577,0.4034712499349418,,3940.0
CRD-EEL-133,CRD Eelgrass Site 133,48.41883395181689,-123.38715517631651,3940.0,,25,2024,CRD Harbours Atlas (ArcGIS MapServer Layer 25),open,CRD_ATTRIBUTION: used with permission from Capital Regional District; CARBON_GAP,False,False,True,False,False,False,False,False,True,False,,1.6647901119992763,0.3752640763327298,,3940.0
CRD-EEL-134,CRD Eelgrass Site 134,48.41881017746098,-123.39952848603748,3940.0,,25,2024,CRD Harbours Atlas (ArcGIS MapServer Layer 25),open,CRD_ATTRIBUTION: used with permission from Capital Regional District; CARBON_GAP,False,False,True,False,False,False,False,False,True,False,,2.4391333968735562,0.2907709252886436,,3940.0
CRD-EEL-135,CRD Eelgrass Site 135,48.45323602901741,-123.44414427953126,3940.0,,25,2024,CRD Harbours Atlas (ArcGIS MapServer Layer 25),open,CRD_ATTRIBUTION: used with permission from Capital Regional District; CARBON_GAP,False,False,True,False,False,False,True,False,False,False,,6.140176184261129,0.1400525665184942,,3940.0
CRD-EEL-136,CRD Eelgrass Site 136,48.45346711324713,-123.44424823345938,3940.0,,25,2024,CRD Harbours Atlas (ArcGIS MapServer Layer 25),open,CRD_ATTRIBUTION: used with permission from Capital Regional District; CARBON_GAP,False,False,True,False,False,False,True,False,False,False,,6.158601703309638,0.13969208533248467,,3940.0
CRD-EEL-137,CRD Eelgrass Site 137,48.4493102111083,-123.4122790849655,3940.0,,25,2024,CRD Harbours Atlas (ArcGIS MapServer Layer 25),open,CRD_ATTRIBUTION: used with permission from Capital Regional District; CARBON_GAP,False,False,True,False,False,False,True,False,False,False,,3.9020228562216324,0.20399741684819012,,3940.0
CRD-EEL-138,CRD Eelgrass Site 138,48.449620219252076,-123.40844124518063,3940.0,,25,2024,CRD Harbours Atlas (ArcGIS MapServer Layer 25),open,CRD_ATTRIBUTION: used with permission from Capital Regional District; CARBON_GAP,False,False,True,False,False,False,True,False,False,False,,3.700409437455692,0.21274742409276054,,3940.0
CRD-EEL-139,CRD Eelgrass Site 139,48.448966355462574,-123.40533823148024,3940.0,,25,2024,CRD Harbours Atlas (ArcGIS MapServer Layer 25),open,CRD_ATTRIBUTION: used with permission from Capital Regional District; CARBON_GAP,False,False,True,False,False,False,True,False,False,False,,3.478893131572834,0.22326944863916284,,3940.0
CRD-EEL-140,CRD Eelgrass Site 140,48.44848558204346,-123.40389389160148,3940.0,,25,2024,CRD Harbours Atlas (ArcGIS MapServer Layer 25),open,CRD_ATTRIBUTION: used with permission from Capital Regional District; CARBON_GAP,False,False,True,False,False,False,True,False,False,False,,3.3635995404398065,0.2291686005400968,,3940.0
CRD-EEL-141,CRD Eelgrass Site 141,48.44661727915086,-123.40198180198591,3940.0,,25,2024,CRD Harbours Atlas (ArcGIS MapServer Layer 25),open,CRD_ATTRIBUTION: used with permission from Capital Regional District; CARBON_GAP,False,False,True,False,False,False,True,False,False,False,,3.1208290364386824,0.24266961603052178,,3940.0
CRD-EEL-142,CRD Eelgrass Site 142,48.449347394337856,-123.41151521143267,3940.0,,25,2024,CRD Harbours Atlas (ArcGIS MapServer Layer 25),open,CRD_ATTRIBUTION: used with permission from Capital Regional District; CARBON_GAP,False,False,True,False,False,False,True,False,False,False,,3.8594085029004788,0.20578636255896599,,3940.0
CRD-EEL-143,CRD Eelgrass Site 143,48.44933356796825,-123.411763527354,3940.0,,25,2024,CRD Harbours Atlas (ArcGIS MapServer Layer 25),open,CRD_ATTRIBUTION: used with permission from Capital Regional District; CARBON_GAP,False,False,True,False,False,False,True,False,False,False,,3.873106180915912,0.2052079234218631,,3940.0
CRD-EEL-144,CRD Eelgrass Site 144,48.447197407619264,-123.40180260420266,3940.0,,25,2024,CRD Harbours Atlas (ArcGIS MapServer Layer 25),open,CRD_ATTRIBUTION: used with permission from Capital Regional District; CARBON_GAP,False,False,True,False,False,False,False,False,False,False,,3.1531601181728437,0.24078050726345307,,3940.0
CRD-EEL-145,CRD Eelgrass Site 145,48.46111610839574,-123.42112632098612,3940.0,,25,2024,CRD Harbours Atlas (ArcGIS MapServer Layer 25),open,CRD_ATTRIBUTION: used with permission from Capital Regional District; CARBON_GAP,False,False,True,False,False,True,False,False,False,False,,5.250396395347498,0.15998985292266474,,3940.0
CRD-EEL-146,CRD Eelgrass Site 146,48.457373017679124,-123.41608636735505,3940.0,,25,2024,CRD Harbours Atlas (ArcGIS MapServer Layer 25),open,CRD_ATTRIBUTION: used with permission from Capital Regional District; CARBON_GAP,False,False,True,False,False,True,False,False,False,False,,4.694245440654034,0.17561589334743205,,3940.0
CRD-EEL-147,CRD Eelgrass Site 147,48.45244105250893,-123.41968999121892,3940.0,,25,2024,CRD Harbours Atlas (ArcGIS MapServer Layer 25),open,CRD_ATTRIBUTION: used with permission from Capital Regional District; CARBON_GAP,False,False,True,False,False,True,False,False,False,False,,4.548647089770116,0.18022411298128363,,3940.0
CRD-EEL-148,CRD Eelgrass Site 148,48.451500685804405,-123.41646101901856,3940.0,,25,2024,CRD Harbours Atlas (ArcGIS MapServer Layer 25),open,CRD_ATTRIBUTION: used with permission from Capital Regional District; CARBON_GAP,False,False,True,False,False,False,False,False,False,False,,4.294862929512704,0.18886230168984408,,3940.0
CRD-EEL-149,CRD Eelgrass Site 149,48.449655140004815,-123.41384828054481,3940.0,,25,2024,CRD Harbours Atlas (ArcGIS MapServer Layer 25),open,CRD_ATTRIBUTION: used with permission from Capital Regional District; CARBON_GAP,False,False,True,False,False,False,False,False,False,False,,4.01801215524997,0.19928209997534083,,3940.0
CRD-EEL-150,CRD Eelgrass Site 150,48.451426128702444,-123.41817618036565,3940.0,,25,2024,CRD Harbours Atlas (ArcGIS MapServer Layer 25),open,CRD_ATTRIBUTION: used with permission from Capital Regional District; CARBON_GAP,False,False,True,False,False,True,False,False,False,False,,4.392077897271383,0.18545726138452892,,3940.0
CRD-EEL-151,CRD Eelgrass Site 151,48.44860249405776,-123.40770191659045,3940.0,,25,2024,CRD Harbours Atlas (ArcGIS MapServer Layer 25),open,CRD_ATTRIBUTION: used with permission from Capital Regional District; CARBON_GAP,False,False,True,False,False,False,True,False,False,False,,3.5866405440022895,0.2180244975394132,,3940.0
CRD-EEL-152,CRD Eelgrass Site 152,48.44469324124602,-123.39688047732308,3940.0,,25,2024,CRD Harbours Atlas (ArcGIS MapServer Layer 25),open,CRD_ATTRIBUTION: used with permission from Capital Regional District; CARBON_GAP,False,False,True,False,False,False,True,False,False,False,,2.6969422642467267,0.27049381043113363,,3940.0
CRD-EEL-153,CRD Eelgrass Site 153,48.44412331771569,-123.39628751900618,3940.0,,25,2024,CRD Harbours Atlas (ArcGIS MapServer Layer 25),open,CRD_ATTRIBUTION: used with permission from Capital Regional District; CARBON_GAP,False,False,True,False,False,False,True,False,False,False,,2.622033735284698,0.27608798622119907,,3940.0
CRD-EEL-154,CRD Eelgrass Site 154,48.43405894317854,-123.36918783956399,3940.0,,25,2024,CRD Harbours Atlas (ArcGIS MapServer Layer 25),open,CRD_ATTRIBUTION: used with permission from Capital Regional District; CARBON_GAP,False,False,True,False,False,False,False,False,False,True,,0.6308645894446955,0.6131716921639073,,3940.0
CRD-EEL-155,CRD Eelgrass Site 155,48.43280084048884,-123.43383913370624,3940.0,,25,2024,CRD Harbours Atlas (ArcGIS MapServer Layer 25),open,CRD_ATTRIBUTION: used with permission from Capital Regional District; CARBON_GAP,False,False,True,False,False,False,False,False,False,True,,4.750132125988165,0.17390904732091686,,3940.0
CRD-EEL-156,CRD Eelgrass Site 156,48.42292415795151,-123.38191122692561,3940.0,,25,2024,CRD Harbours Atlas (ArcGIS MapServer Layer 25),open,CRD_ATTRIBUTION: used with permission from Capital Regional District; CARBON_GAP,False,False,True,False,False,False,False,False,False,True,,1.0813766277799584,0.48045124878077533,,3940.0
CRD-EEL-157,CRD Eelgrass Site 157,48.418023448685496,-123.40297286668302,3940.0,,25,2024,CRD Harbours Atlas (ArcGIS MapServer Layer 25),open,CRD_ATTRIBUTION: used with permission from Capital Regional District; CARBON_GAP,False,False,True,False,False,False,False,False,False,True,,2.706178218890771,0.26981972828583833,,3940.0
CRD-EEL-158,CRD Eelgrass Site 158,48.429753926479435,-123.37156521868512,3940.0,,25,2024,CRD Harbours Atlas (ArcGIS MapServer Layer 25),open,CRD_ATTRIBUTION: used with permission from Capital Regional District; CARBON_GAP,False,False,True,False,False,False,False,False,False,True,,0.1990691097045413,0.8339802867963187,,3940.0
CRD-EEL-159,CRD Eelgrass Site 159,48.43096590228536,-123.37522365832172,3940.0,,25,2024,CRD Harbours Atlas (ArcGIS MapServer Layer 25),open,CRD_ATTRIBUTION: used with permission from Capital Regional District; CARBON_GAP,False,False,True,False,False,False,False,False,False,True,,0.4914673407017597,0.6704806553320058,,3940.0
CRD-EEL-160,CRD Eelgrass Site 160,48.42335223134862,-123.38437747649832,3940.0,,25,2024,CRD Harbours Atlas (ArcGIS MapServer Layer 25),open,CRD_ATTRIBUTION: used with permission from Capital Regional District; CARBON_GAP,False,False,True,False,False,False,False,False,False,True,,1.213276265553347,0.4518188784489529,,3940.0
CRD-EEL-161,CRD Eelgrass Site 161,48.426905629413504,-123.39659566487795,3940.0,,25,2024,CRD Harbours Atlas (ArcGIS MapServer Layer 25),open,CRD_ATTRIBUTION: used with permission from Capital Regional District; CARBON_GAP,False,False,True,False,False,False,False,False,False,True,,1.984090850436509,0.3351104407071659,,3940.0
CRD-EEL-162,CRD Eelgrass Site 162,48.423163347294306,-123.37917545643886,3940.0,,25,2024,CRD Harbours Atlas (ArcGIS MapServer Layer 25),open,CRD_ATTRIBUTION: used with permission from Capital Regional District; CARBON_GAP,False,False,True,False,False,False,False,False,False,True,,0.9042345518598467,0.5251453918968702,,3940.0
CRD-EEL-163,CRD Eelgrass Site 163,48.44036704933038,-123.44911578127832,3940.0,,25,2024,CRD Harbours Atlas (ArcGIS MapServer Layer 25),open,CRD_ATTRIBUTION: used with permission from Capital Regional District; CARBON_GAP,False,False,True,False,False,False,False,False,False,True,,6.0009408279831655,0.14283794486634455,,3940.0
CRD-EEL-164,CRD Eelgrass Site 164,48.43977657423547,-123.44710571630334,3940.0,,25,2024,CRD Harbours Atlas (ArcGIS MapServer Layer 25),open,CRD_ATTRIBUTION: used with permission from Capital Regional District; CARBON_GAP,False,False,True,False,False,False,False,False,False,True,,5.841895556424789,0.14615832582550367,,3940.0
CRD-EEL-165,CRD Eelgrass Site 165,48.44418104256163,-123.4493492525893,3940.0,,25,2024,CRD Harbours Atlas (ArcGIS MapServer Layer 25),open,CRD_ATTRIBUTION: used with permission from Capital Regional District; CARBON_GAP,False,False,True,False,False,False,False,False,False,True,,6.125284355247834,0.14034527608199823,,3940.0
CRD-EEL-166,CRD Eelgrass Site 166,48.44672841744966,-123.43474553042965,3940.0,,25,2024,CRD Harbours Atlas (ArcGIS MapServer Layer 25),open,CRD_ATTRIBUTION: used with permission from Capital Regional District; CARBON_GAP,False,False,True,False,False,False,False,False,False,True,,5.206531466970419,0.1611205880968695,,3940.0
CRD-EEL-167,CRD Eelgrass Site 167,48.43280495935272,-123.42454824387394,3940.0,,25,2024,CRD Harbours Atlas (ArcGIS MapServer Layer 25),open,CRD_ATTRIBUTION: used with permission from Capital Regional District; CARBON_GAP,False,False,True,False,False,False,False,False,False,True,,4.068957811212065,0.19727921147579738,,3940.0
CRD-EEL-168,CRD Eelgrass Site 168,48.438876709337904,-123.44694818526312,3940.0,,25,2024,CRD Harbours Atlas (ArcGIS MapServer Layer 25),open,CRD_ATTRIBUTION: used with permission from Capital Regional District; CARBON_GAP,False,False,True,False,False,False,False,False,False,True,,5.809710968722074,0.14684911071749382,,3940.0
CRD-EEL-169,CRD Eelgrass Site 169,48.43300849578648,-123.43585717381644,3940.0,,25,2024,CRD Harbours Atlas (ArcGIS MapServer Layer 25),open,CRD_ATTRIBUTION: used with permission from Capital Regional District; CARBON_GAP,False,False,True,False,False,False,False,False,False,True,,4.90060729977897,0.16947408108949377,,3940.0
CRD-EEL-170,CRD Eelgrass Site 170,48.44491727157566,-123.4359421285503,3940.0,,25,2024,CRD Harbours Atlas (ArcGIS MapServer Layer 25),open,CRD_ATTRIBUTION: used with permission from Capital Regional District; CARBON_GAP,False,False,True,False,False,False,False,False,False,True,,5.213649912950671,0.16093600605270195,,3940.0
CRD-EEL-171,CRD Eelgrass Site 171,48.42368544888074,-123.37109779406211,3940.0,,25,2024,CRD Harbours Atlas (ArcGIS MapServer Layer 25),open,CRD_ATTRIBUTION: used with permission from Capital Regional District; CARBON_GAP,False,False,True,False,False,False,False,False,False,True,,0.5329086290493839,0.6523546029094629,,3940.0
,,48.44240850499569,-123.42285707759244,,,25,2024,; Janousek 2025 Data Ingest,academic,,True,False,False,False,False,False,False,False,False,True,,,0.16745178668551902,3940.0,3940.0
